providerName,context,binaryContent
sonata.media.provider.image,default,/home/sanzeyc/public_html/antiquitas/images/01A1.jpg
sonata.media.provider.image,default,/home/sanzeyc/public_html/antiquitas/images/01A.jpg
sonata.media.provider.image,default,/home/sanzeyc/public_html/antiquitas/images/01B1.jpg
sonata.media.provider.image,default,/home/sanzeyc/public_html/antiquitas/images/01B.jpg
sonata.media.provider.image,default,/home/sanzeyc/public_html/antiquitas/images/03A.jpg
sonata.media.provider.image,default,/home/sanzeyc/public_html/antiquitas/images/03B.jpg
sonata.media.provider.image,default,/home/sanzeyc/public_html/antiquitas/images/05A.jpg
sonata.media.provider.image,default,/home/sanzeyc/public_html/antiquitas/images/05B.jpg
sonata.media.provider.image,default,/home/sanzeyc/public_html/antiquitas/images/07A.jpg
sonata.media.provider.image,default,/home/sanzeyc/public_html/antiquitas/images/07B.jpg
sonata.media.provider.image,default,/home/sanzeyc/public_html/antiquitas/images/1_0_1-Homere-buste.jpg
sonata.media.provider.image,default,/home/sanzeyc/public_html/antiquitas/images/1_0_1-Homere-buste_pt.jpg
sonata.media.provider.image,default,/home/sanzeyc/public_html/antiquitas/images/1_1_1.jpg
sonata.media.provider.image,default,/home/sanzeyc/public_html/antiquitas/images/1_1_1_pt.jpg
sonata.media.provider.image,default,/home/sanzeyc/public_html/antiquitas/images/120A.jpg
sonata.media.provider.image,default,/home/sanzeyc/public_html/antiquitas/images/120B.jpg
sonata.media.provider.image,default,/home/sanzeyc/public_html/antiquitas/images/1_2_1.jpg
sonata.media.provider.image,default,/home/sanzeyc/public_html/antiquitas/images/1_2_1_pt.jpg
sonata.media.provider.image,default,/home/sanzeyc/public_html/antiquitas/images/1_2_2.jpg
sonata.media.provider.image,default,/home/sanzeyc/public_html/antiquitas/images/1_2_2_pt.jpg
sonata.media.provider.image,default,/home/sanzeyc/public_html/antiquitas/images/1_2_3.gif
sonata.media.provider.image,default,/home/sanzeyc/public_html/antiquitas/images/1_2_3_pt.gif
sonata.media.provider.image,default,/home/sanzeyc/public_html/antiquitas/images/12A.jpg
sonata.media.provider.image,default,/home/sanzeyc/public_html/antiquitas/images/12B.jpg
sonata.media.provider.image,default,/home/sanzeyc/public_html/antiquitas/images/1_3_1.jpg
sonata.media.provider.image,default,/home/sanzeyc/public_html/antiquitas/images/1_3_1_pt.jpg
sonata.media.provider.image,default,/home/sanzeyc/public_html/antiquitas/images/1_3_2.jpg
sonata.media.provider.image,default,/home/sanzeyc/public_html/antiquitas/images/1_3_2_pt.jpg
sonata.media.provider.image,default,/home/sanzeyc/public_html/antiquitas/images/1_3_3.jpg
sonata.media.provider.image,default,/home/sanzeyc/public_html/antiquitas/images/1_3_3_pt.jpg
sonata.media.provider.image,default,/home/sanzeyc/public_html/antiquitas/images/1_4_1.jpg
sonata.media.provider.image,default,/home/sanzeyc/public_html/antiquitas/images/1_4_1_pt.jpg
sonata.media.provider.image,default,/home/sanzeyc/public_html/antiquitas/images/149A.jpg
sonata.media.provider.image,default,/home/sanzeyc/public_html/antiquitas/images/149B.jpg
sonata.media.provider.image,default,/home/sanzeyc/public_html/antiquitas/images/1_5_1.jpg
sonata.media.provider.image,default,/home/sanzeyc/public_html/antiquitas/images/1_5_1_pt.jpg
sonata.media.provider.image,default,/home/sanzeyc/public_html/antiquitas/images/164A.jpg
sonata.media.provider.image,default,/home/sanzeyc/public_html/antiquitas/images/164B.jpg
sonata.media.provider.image,default,/home/sanzeyc/public_html/antiquitas/images/167A.jpg
sonata.media.provider.image,default,/home/sanzeyc/public_html/antiquitas/images/167B.jpg
sonata.media.provider.image,default,/home/sanzeyc/public_html/antiquitas/images/183A.jpg
sonata.media.provider.image,default,/home/sanzeyc/public_html/antiquitas/images/183B.jpg
sonata.media.provider.image,default,/home/sanzeyc/public_html/antiquitas/images/18A1.jpg
sonata.media.provider.image,default,/home/sanzeyc/public_html/antiquitas/images/18A.jpg
sonata.media.provider.image,default,/home/sanzeyc/public_html/antiquitas/images/18B1.jpg
sonata.media.provider.image,default,/home/sanzeyc/public_html/antiquitas/images/18B.jpg
sonata.media.provider.image,default,/home/sanzeyc/public_html/antiquitas/images/198A.jpg
sonata.media.provider.image,default,/home/sanzeyc/public_html/antiquitas/images/198B.jpg
sonata.media.provider.image,default,/home/sanzeyc/public_html/antiquitas/images/1.jpg
sonata.media.provider.image,default,/home/sanzeyc/public_html/antiquitas/images/2_1_1.jpg
sonata.media.provider.image,default,/home/sanzeyc/public_html/antiquitas/images/2_1_1_pt.jpg
sonata.media.provider.image,default,/home/sanzeyc/public_html/antiquitas/images/2_2_1.jpg
sonata.media.provider.image,default,/home/sanzeyc/public_html/antiquitas/images/2_2_1_pt.jpg
sonata.media.provider.image,default,/home/sanzeyc/public_html/antiquitas/images/2_4_1.jpg
sonata.media.provider.image,default,/home/sanzeyc/public_html/antiquitas/images/2_4_1_pt.jpg
sonata.media.provider.image,default,/home/sanzeyc/public_html/antiquitas/images/260_MetrologischeAngaben.jpg
sonata.media.provider.image,default,/home/sanzeyc/public_html/antiquitas/images/2.jpg
sonata.media.provider.image,default,/home/sanzeyc/public_html/antiquitas/images/3_0_1.jpg
sonata.media.provider.image,default,/home/sanzeyc/public_html/antiquitas/images/3_0_1_pt.jpg
sonata.media.provider.image,default,/home/sanzeyc/public_html/antiquitas/images/3_0_2.jpg
sonata.media.provider.image,default,/home/sanzeyc/public_html/antiquitas/images/3_0_2_pt.jpg
sonata.media.provider.image,default,/home/sanzeyc/public_html/antiquitas/images/3_0_3.jpg
sonata.media.provider.image,default,/home/sanzeyc/public_html/antiquitas/images/3_0_3_pt.jpg
sonata.media.provider.image,default,/home/sanzeyc/public_html/antiquitas/images/3_1_1.jpg
sonata.media.provider.image,default,/home/sanzeyc/public_html/antiquitas/images/3_1_1_pt.jpg
sonata.media.provider.image,default,/home/sanzeyc/public_html/antiquitas/images/3_2_1.jpg
sonata.media.provider.image,default,/home/sanzeyc/public_html/antiquitas/images/3_2_1_pt.jpg
sonata.media.provider.image,default,/home/sanzeyc/public_html/antiquitas/images/3_2_3-graphique.gif
sonata.media.provider.image,default,/home/sanzeyc/public_html/antiquitas/images/3_3_1.jpg
sonata.media.provider.image,default,/home/sanzeyc/public_html/antiquitas/images/3_3_1_pt.jpg
sonata.media.provider.image,default,/home/sanzeyc/public_html/antiquitas/images/3_3_2.jpg
sonata.media.provider.image,default,/home/sanzeyc/public_html/antiquitas/images/3_3_2_pt.jpg
sonata.media.provider.image,default,/home/sanzeyc/public_html/antiquitas/images/3_4_1.jpg
sonata.media.provider.image,default,/home/sanzeyc/public_html/antiquitas/images/3_4_1_pt.jpg
sonata.media.provider.image,default,/home/sanzeyc/public_html/antiquitas/images/3_4_2.jpg
sonata.media.provider.image,default,/home/sanzeyc/public_html/antiquitas/images/3_4_2_pt.jpg
sonata.media.provider.image,default,/home/sanzeyc/public_html/antiquitas/images/3_5_1.jpg
sonata.media.provider.image,default,/home/sanzeyc/public_html/antiquitas/images/3_5_1_pt.jpg
sonata.media.provider.image,default,/home/sanzeyc/public_html/antiquitas/images/3_5_2.jpg
sonata.media.provider.image,default,/home/sanzeyc/public_html/antiquitas/images/3_5_2_pt.jpg
sonata.media.provider.image,default,/home/sanzeyc/public_html/antiquitas/images/38A.jpg
sonata.media.provider.image,default,/home/sanzeyc/public_html/antiquitas/images/38B.jpg
sonata.media.provider.image,default,/home/sanzeyc/public_html/antiquitas/images/39A.jpg
sonata.media.provider.image,default,/home/sanzeyc/public_html/antiquitas/images/39B.jpg
sonata.media.provider.image,default,/home/sanzeyc/public_html/antiquitas/images/42A1.jpg
sonata.media.provider.image,default,/home/sanzeyc/public_html/antiquitas/images/42A.jpg
sonata.media.provider.image,default,/home/sanzeyc/public_html/antiquitas/images/42B1.jpg
sonata.media.provider.image,default,/home/sanzeyc/public_html/antiquitas/images/42B.jpg
sonata.media.provider.image,default,/home/sanzeyc/public_html/antiquitas/images/45A.jpg
sonata.media.provider.image,default,/home/sanzeyc/public_html/antiquitas/images/45B.jpg
sonata.media.provider.image,default,/home/sanzeyc/public_html/antiquitas/images/47A.jpg
sonata.media.provider.image,default,/home/sanzeyc/public_html/antiquitas/images/47B.jpg
sonata.media.provider.image,default,/home/sanzeyc/public_html/antiquitas/images/50A.jpg
sonata.media.provider.image,default,/home/sanzeyc/public_html/antiquitas/images/50B.jpg
sonata.media.provider.image,default,/home/sanzeyc/public_html/antiquitas/images/57B.jpg
sonata.media.provider.image,default,/home/sanzeyc/public_html/antiquitas/images/5.jpg
sonata.media.provider.image,default,/home/sanzeyc/public_html/antiquitas/images/65B.jpg
sonata.media.provider.image,default,/home/sanzeyc/public_html/antiquitas/images/72B.jpg
sonata.media.provider.image,default,/home/sanzeyc/public_html/antiquitas/images/73A.jpg
sonata.media.provider.image,default,/home/sanzeyc/public_html/antiquitas/images/73B.jpg
sonata.media.provider.image,default,/home/sanzeyc/public_html/antiquitas/images/74B.jpg
sonata.media.provider.image,default,/home/sanzeyc/public_html/antiquitas/images/79A.jpg
sonata.media.provider.image,default,/home/sanzeyc/public_html/antiquitas/images/83A.jpg
sonata.media.provider.image,default,/home/sanzeyc/public_html/antiquitas/images/83B.jpg
sonata.media.provider.image,default,/home/sanzeyc/public_html/antiquitas/images/89A.jpg
sonata.media.provider.image,default,/home/sanzeyc/public_html/antiquitas/images/abfindungssummen75.jpg
sonata.media.provider.image,default,/home/sanzeyc/public_html/antiquitas/images/activite100_vignette.jpg
sonata.media.provider.image,default,/home/sanzeyc/public_html/antiquitas/images/activite101_vignette.jpg
sonata.media.provider.image,default,/home/sanzeyc/public_html/antiquitas/images/activite102_vignette.jpg
sonata.media.provider.image,default,/home/sanzeyc/public_html/antiquitas/images/activite103_vignette.jpg
sonata.media.provider.image,default,/home/sanzeyc/public_html/antiquitas/images/activite104_vignette.jpg
sonata.media.provider.image,default,/home/sanzeyc/public_html/antiquitas/images/activite105_vignette.jpg
sonata.media.provider.image,default,/home/sanzeyc/public_html/antiquitas/images/activite106_vignette.jpg
sonata.media.provider.image,default,/home/sanzeyc/public_html/antiquitas/images/activite107_vignette.jpg
sonata.media.provider.image,default,/home/sanzeyc/public_html/antiquitas/images/activite108_vignette.jpg
sonata.media.provider.image,default,/home/sanzeyc/public_html/antiquitas/images/activite109_vignette.jpg
sonata.media.provider.image,default,/home/sanzeyc/public_html/antiquitas/images/activite110_vignette.jpg
sonata.media.provider.image,default,/home/sanzeyc/public_html/antiquitas/images/activite111_vignette.jpg
sonata.media.provider.image,default,/home/sanzeyc/public_html/antiquitas/images/activite112_vignette.png
sonata.media.provider.image,default,/home/sanzeyc/public_html/antiquitas/images/activite113_vignette.png
sonata.media.provider.image,default,/home/sanzeyc/public_html/antiquitas/images/activite114_vignette.png
sonata.media.provider.image,default,/home/sanzeyc/public_html/antiquitas/images/activite115_vignette.jpg
sonata.media.provider.image,default,/home/sanzeyc/public_html/antiquitas/images/activite116_vignette.jpg
sonata.media.provider.image,default,/home/sanzeyc/public_html/antiquitas/images/activite118_vignette.png
sonata.media.provider.image,default,/home/sanzeyc/public_html/antiquitas/images/activite119_vignette.png
sonata.media.provider.image,default,/home/sanzeyc/public_html/antiquitas/images/activite11_vignette.jpg
sonata.media.provider.image,default,/home/sanzeyc/public_html/antiquitas/images/activite120_vignette.png
sonata.media.provider.image,default,/home/sanzeyc/public_html/antiquitas/images/activite121_vignette.png
sonata.media.provider.image,default,/home/sanzeyc/public_html/antiquitas/images/activite122_vignette.png
sonata.media.provider.image,default,/home/sanzeyc/public_html/antiquitas/images/activite123_vignette.png
sonata.media.provider.image,default,/home/sanzeyc/public_html/antiquitas/images/activite124_vignette.png
sonata.media.provider.image,default,/home/sanzeyc/public_html/antiquitas/images/activite125_vignette.png
sonata.media.provider.image,default,/home/sanzeyc/public_html/antiquitas/images/activite126_vignette.png
sonata.media.provider.image,default,/home/sanzeyc/public_html/antiquitas/images/activite12_vignette.jpg
sonata.media.provider.image,default,/home/sanzeyc/public_html/antiquitas/images/activite13_vignette.jpg
sonata.media.provider.image,default,/home/sanzeyc/public_html/antiquitas/images/activite14_vignette.png
sonata.media.provider.image,default,/home/sanzeyc/public_html/antiquitas/images/activite15_vignette.png
sonata.media.provider.image,default,/home/sanzeyc/public_html/antiquitas/images/activite16_vignette.png
sonata.media.provider.image,default,/home/sanzeyc/public_html/antiquitas/images/activite17_vignette.png
sonata.media.provider.image,default,/home/sanzeyc/public_html/antiquitas/images/activite18_vignette.png
sonata.media.provider.image,default,/home/sanzeyc/public_html/antiquitas/images/activite19_vignette.png
sonata.media.provider.image,default,/home/sanzeyc/public_html/antiquitas/images/activite1_vignette.jpg
sonata.media.provider.image,default,/home/sanzeyc/public_html/antiquitas/images/activite20_vignette.png
sonata.media.provider.image,default,/home/sanzeyc/public_html/antiquitas/images/activite21_vignette.png
sonata.media.provider.image,default,/home/sanzeyc/public_html/antiquitas/images/activite22_vignette.png
sonata.media.provider.image,default,/home/sanzeyc/public_html/antiquitas/images/activite23_vignette.png
sonata.media.provider.image,default,/home/sanzeyc/public_html/antiquitas/images/activite24_vignette.png
sonata.media.provider.image,default,/home/sanzeyc/public_html/antiquitas/images/activite25_vignette.png
sonata.media.provider.image,default,/home/sanzeyc/public_html/antiquitas/images/activite26_vignette.png
sonata.media.provider.image,default,/home/sanzeyc/public_html/antiquitas/images/activite27_vignette.png
sonata.media.provider.image,default,/home/sanzeyc/public_html/antiquitas/images/activite28_vignette.png
sonata.media.provider.image,default,/home/sanzeyc/public_html/antiquitas/images/activite29_vignette.png
sonata.media.provider.image,default,/home/sanzeyc/public_html/antiquitas/images/activite30_vignette.png
sonata.media.provider.image,default,/home/sanzeyc/public_html/antiquitas/images/activite31_vignette.png
sonata.media.provider.image,default,/home/sanzeyc/public_html/antiquitas/images/activite32_vignette.png
sonata.media.provider.image,default,/home/sanzeyc/public_html/antiquitas/images/activite33_vignette.png
sonata.media.provider.image,default,/home/sanzeyc/public_html/antiquitas/images/activite34_vignette.png
sonata.media.provider.image,default,/home/sanzeyc/public_html/antiquitas/images/activite35_vignette.png
sonata.media.provider.image,default,/home/sanzeyc/public_html/antiquitas/images/activite36_vignette.png
sonata.media.provider.image,default,/home/sanzeyc/public_html/antiquitas/images/activite37_vignette.png
sonata.media.provider.image,default,/home/sanzeyc/public_html/antiquitas/images/activite38_vignette.png
sonata.media.provider.image,default,/home/sanzeyc/public_html/antiquitas/images/activite39_vignette.png
sonata.media.provider.image,default,/home/sanzeyc/public_html/antiquitas/images/activite3_vignette.jpg
sonata.media.provider.image,default,/home/sanzeyc/public_html/antiquitas/images/activite40_vignette.png
sonata.media.provider.image,default,/home/sanzeyc/public_html/antiquitas/images/activite41_vignette.png
sonata.media.provider.image,default,/home/sanzeyc/public_html/antiquitas/images/activite42_vignette.png
sonata.media.provider.image,default,/home/sanzeyc/public_html/antiquitas/images/activite43_vignette.png
sonata.media.provider.image,default,/home/sanzeyc/public_html/antiquitas/images/activite44_vignette.png
sonata.media.provider.image,default,/home/sanzeyc/public_html/antiquitas/images/activite45_vignette.png
sonata.media.provider.image,default,/home/sanzeyc/public_html/antiquitas/images/activite46_vignette.png
sonata.media.provider.image,default,/home/sanzeyc/public_html/antiquitas/images/activite47_vignette.png
sonata.media.provider.image,default,/home/sanzeyc/public_html/antiquitas/images/activite48_vignette.png
sonata.media.provider.image,default,/home/sanzeyc/public_html/antiquitas/images/activite49_vignette.png
sonata.media.provider.image,default,/home/sanzeyc/public_html/antiquitas/images/activite4_vignette.jpg
sonata.media.provider.image,default,/home/sanzeyc/public_html/antiquitas/images/activite50_vignette.png
sonata.media.provider.image,default,/home/sanzeyc/public_html/antiquitas/images/activite51_vignette.png
sonata.media.provider.image,default,/home/sanzeyc/public_html/antiquitas/images/activite52_vignette.png
sonata.media.provider.image,default,/home/sanzeyc/public_html/antiquitas/images/activite57_vignette.jpg
sonata.media.provider.image,default,/home/sanzeyc/public_html/antiquitas/images/activite58_vignette.jpg
sonata.media.provider.image,default,/home/sanzeyc/public_html/antiquitas/images/activite59_vignette.jpg
sonata.media.provider.image,default,/home/sanzeyc/public_html/antiquitas/images/activite5_vignette.jpg
sonata.media.provider.image,default,/home/sanzeyc/public_html/antiquitas/images/activite60_vignette.jpg
sonata.media.provider.image,default,/home/sanzeyc/public_html/antiquitas/images/activite61_vignette.jpg
sonata.media.provider.image,default,/home/sanzeyc/public_html/antiquitas/images/activite62_vignette.jpg
sonata.media.provider.image,default,/home/sanzeyc/public_html/antiquitas/images/activite63_vignette.jpg
sonata.media.provider.image,default,/home/sanzeyc/public_html/antiquitas/images/activite64_vignette.jpg
sonata.media.provider.image,default,/home/sanzeyc/public_html/antiquitas/images/activite65_vignette.jpg
sonata.media.provider.image,default,/home/sanzeyc/public_html/antiquitas/images/activite66_vignette.jpg
sonata.media.provider.image,default,/home/sanzeyc/public_html/antiquitas/images/activite67_vignette.jpg
sonata.media.provider.image,default,/home/sanzeyc/public_html/antiquitas/images/activite68_vignette.jpg
sonata.media.provider.image,default,/home/sanzeyc/public_html/antiquitas/images/activite69_vignette.jpg
sonata.media.provider.image,default,/home/sanzeyc/public_html/antiquitas/images/activite6_vignette.jpg
sonata.media.provider.image,default,/home/sanzeyc/public_html/antiquitas/images/activite70_vignette.jpg
sonata.media.provider.image,default,/home/sanzeyc/public_html/antiquitas/images/activite71_vignette.jpg
sonata.media.provider.image,default,/home/sanzeyc/public_html/antiquitas/images/activite72_vignette.jpg
sonata.media.provider.image,default,/home/sanzeyc/public_html/antiquitas/images/activite73_vignette.jpg
sonata.media.provider.image,default,/home/sanzeyc/public_html/antiquitas/images/activite74_vignette.jpg
sonata.media.provider.image,default,/home/sanzeyc/public_html/antiquitas/images/activite75_vignette.jpg
sonata.media.provider.image,default,/home/sanzeyc/public_html/antiquitas/images/activite76_vignette.jpg
sonata.media.provider.image,default,/home/sanzeyc/public_html/antiquitas/images/activite77_vignette.jpg
sonata.media.provider.image,default,/home/sanzeyc/public_html/antiquitas/images/activite78_vignette.jpg
sonata.media.provider.image,default,/home/sanzeyc/public_html/antiquitas/images/activite79_vignette.jpg
sonata.media.provider.image,default,/home/sanzeyc/public_html/antiquitas/images/activite7_vignette.jpg
sonata.media.provider.image,default,/home/sanzeyc/public_html/antiquitas/images/activite80_vignette.jpg
sonata.media.provider.image,default,/home/sanzeyc/public_html/antiquitas/images/activite81_vignette.jpg
sonata.media.provider.image,default,/home/sanzeyc/public_html/antiquitas/images/activite82_vignette.jpg
sonata.media.provider.image,default,/home/sanzeyc/public_html/antiquitas/images/activite83_vignette.jpg
sonata.media.provider.image,default,/home/sanzeyc/public_html/antiquitas/images/activite84_vignette.jpg
sonata.media.provider.image,default,/home/sanzeyc/public_html/antiquitas/images/activite85_vignette.jpg
sonata.media.provider.image,default,/home/sanzeyc/public_html/antiquitas/images/activite86_vignette.jpg
sonata.media.provider.image,default,/home/sanzeyc/public_html/antiquitas/images/activite87_vignette.jpg
sonata.media.provider.image,default,/home/sanzeyc/public_html/antiquitas/images/activite88_vignette.jpg
sonata.media.provider.image,default,/home/sanzeyc/public_html/antiquitas/images/activite89_vignette.jpg
sonata.media.provider.image,default,/home/sanzeyc/public_html/antiquitas/images/activite8_vignette.jpg
sonata.media.provider.image,default,/home/sanzeyc/public_html/antiquitas/images/activite90_vignette.jpg
sonata.media.provider.image,default,/home/sanzeyc/public_html/antiquitas/images/activite91_vignette.jpg
sonata.media.provider.image,default,/home/sanzeyc/public_html/antiquitas/images/activite92_vignette.jpg
sonata.media.provider.image,default,/home/sanzeyc/public_html/antiquitas/images/activite93_vignette.jpg
sonata.media.provider.image,default,/home/sanzeyc/public_html/antiquitas/images/activite94_vignette.jpg
sonata.media.provider.image,default,/home/sanzeyc/public_html/antiquitas/images/activite95_vignette.jpg
sonata.media.provider.image,default,/home/sanzeyc/public_html/antiquitas/images/activite96_vignette.jpg
sonata.media.provider.image,default,/home/sanzeyc/public_html/antiquitas/images/activite97_vignette.jpg
sonata.media.provider.image,default,/home/sanzeyc/public_html/antiquitas/images/activite98_vignette.jpg
sonata.media.provider.image,default,/home/sanzeyc/public_html/antiquitas/images/activite99_vignette.jpg
sonata.media.provider.image,default,/home/sanzeyc/public_html/antiquitas/images/activite9_vignette.png
sonata.media.provider.image,default,/home/sanzeyc/public_html/antiquitas/images/activite_defaut_vignette.gif
sonata.media.provider.image,default,/home/sanzeyc/public_html/antiquitas/images/afranius.jpg
sonata.media.provider.image,default,/home/sanzeyc/public_html/antiquitas/images/Ajas.jpg
sonata.media.provider.image,default,/home/sanzeyc/public_html/antiquitas/images/alexander.jpg
sonata.media.provider.image,default,/home/sanzeyc/public_html/antiquitas/images/alphabet_archaique.jpg
sonata.media.provider.image,default,/home/sanzeyc/public_html/antiquitas/images/alphabet_archaique_presentation.jpg
sonata.media.provider.image,default,/home/sanzeyc/public_html/antiquitas/images/alphabet_IVe.jpg
sonata.media.provider.image,default,/home/sanzeyc/public_html/antiquitas/images/alphabet_postclassique.jpg
sonata.media.provider.image,default,/home/sanzeyc/public_html/antiquitas/images/Ambrosius.jpg
sonata.media.provider.image,default,/home/sanzeyc/public_html/antiquitas/images/amphitheater.jpg
sonata.media.provider.image,default,/home/sanzeyc/public_html/antiquitas/images/andromede2.jpg
sonata.media.provider.image,default,/home/sanzeyc/public_html/antiquitas/images/andromede.jpg
sonata.media.provider.image,default,/home/sanzeyc/public_html/antiquitas/images/ankara.jpg
sonata.media.provider.image,default,/home/sanzeyc/public_html/antiquitas/images/anne_bielman.jpg
sonata.media.provider.image,default,/home/sanzeyc/public_html/antiquitas/images/anne_kolb.jpg
sonata.media.provider.image,default,/home/sanzeyc/public_html/antiquitas/images/antikestaedte.dcr
sonata.media.provider.image,default,/home/sanzeyc/public_html/antiquitas/images/antiquitas.gif
sonata.media.provider.image,default,/home/sanzeyc/public_html/antiquitas/images/antiquitas_old1.gif
sonata.media.provider.image,default,/home/sanzeyc/public_html/antiquitas/images/antonio_galluccio.jpg
sonata.media.provider.image,default,/home/sanzeyc/public_html/antiquitas/images/aprilis_dessin.jpg
sonata.media.provider.image,default,/home/sanzeyc/public_html/antiquitas/images/aprilis_photo.jpg
sonata.media.provider.image,default,/home/sanzeyc/public_html/antiquitas/images/arrians_order.jpg
sonata.media.provider.image,default,/home/sanzeyc/public_html/antiquitas/images/artemis_char.jpg
sonata.media.provider.image,default,/home/sanzeyc/public_html/antiquitas/images/atelier.gif
sonata.media.provider.image,default,/home/sanzeyc/public_html/antiquitas/images/athena.jpg
sonata.media.provider.image,default,/home/sanzeyc/public_html/antiquitas/images/Atlas.jpg
sonata.media.provider.image,default,/home/sanzeyc/public_html/antiquitas/images/AugustBoeckh.jpg
sonata.media.provider.image,default,/home/sanzeyc/public_html/antiquitas/images/aunus.jpg
sonata.media.provider.image,default,/home/sanzeyc/public_html/antiquitas/images/Aurelian-Muenze.jpg
sonata.media.provider.image,default,/home/sanzeyc/public_html/antiquitas/images/Aureliansmauer.jpg
sonata.media.provider.image,default,/home/sanzeyc/public_html/antiquitas/images/aussen.jpg
sonata.media.provider.image,default,/home/sanzeyc/public_html/antiquitas/images/b3.jpg
sonata.media.provider.image,default,/home/sanzeyc/public_html/antiquitas/images/b4.jpg
sonata.media.provider.image,default,/home/sanzeyc/public_html/antiquitas/images/banniere-mod2.cpt
sonata.media.provider.image,default,/home/sanzeyc/public_html/antiquitas/images/banniere-mod2.jpg
sonata.media.provider.image,default,/home/sanzeyc/public_html/antiquitas/images/banniere_module_101.jpg
sonata.media.provider.image,default,/home/sanzeyc/public_html/antiquitas/images/banniere_module_10.jpg
sonata.media.provider.image,default,/home/sanzeyc/public_html/antiquitas/images/banniere_module_11.jpg
sonata.media.provider.image,default,/home/sanzeyc/public_html/antiquitas/images/banniere_module_12.jpg
sonata.media.provider.image,default,/home/sanzeyc/public_html/antiquitas/images/banniere_module_13.jpg
sonata.media.provider.image,default,/home/sanzeyc/public_html/antiquitas/images/banniere_module_14.jpg
sonata.media.provider.image,default,/home/sanzeyc/public_html/antiquitas/images/banniere_module_15.jpg
sonata.media.provider.image,default,/home/sanzeyc/public_html/antiquitas/images/banniere_module_16.jpg
sonata.media.provider.image,default,/home/sanzeyc/public_html/antiquitas/images/banniere_module_17.jpg
sonata.media.provider.image,default,/home/sanzeyc/public_html/antiquitas/images/banniere_module_17_old.jpg
sonata.media.provider.image,default,/home/sanzeyc/public_html/antiquitas/images/banniere_module_17_org.jpg
sonata.media.provider.image,default,/home/sanzeyc/public_html/antiquitas/images/banniere_module_18.jpg
sonata.media.provider.image,default,/home/sanzeyc/public_html/antiquitas/images/banniere_module_19.jpg
sonata.media.provider.image,default,/home/sanzeyc/public_html/antiquitas/images/banniere_module_1.jpg
sonata.media.provider.image,default,/home/sanzeyc/public_html/antiquitas/images/banniere_module_2BIG.jpg
sonata.media.provider.image,default,/home/sanzeyc/public_html/antiquitas/images/banniere_module_2.cpt
sonata.media.provider.image,default,/home/sanzeyc/public_html/antiquitas/images/banniere_module_2.jpg
sonata.media.provider.image,default,/home/sanzeyc/public_html/antiquitas/images/banniere_module_3.jpg
sonata.media.provider.image,default,/home/sanzeyc/public_html/antiquitas/images/banniere_module_3_old.jpg
sonata.media.provider.image,default,/home/sanzeyc/public_html/antiquitas/images/banniere_module_4.jpg
sonata.media.provider.image,default,/home/sanzeyc/public_html/antiquitas/images/banniere_module_5.jpg
sonata.media.provider.image,default,/home/sanzeyc/public_html/antiquitas/images/banniere_module_6.jpg
sonata.media.provider.image,default,/home/sanzeyc/public_html/antiquitas/images/banniere_module_70.jpg
sonata.media.provider.image,default,/home/sanzeyc/public_html/antiquitas/images/banniere_module_71.jpg
sonata.media.provider.image,default,/home/sanzeyc/public_html/antiquitas/images/banniere_module_7.jpg
sonata.media.provider.image,default,/home/sanzeyc/public_html/antiquitas/images/banniere_module_9.jpg
sonata.media.provider.image,default,/home/sanzeyc/public_html/antiquitas/images/beat_naf.jpg
sonata.media.provider.image,default,/home/sanzeyc/public_html/antiquitas/images/bejaia_port.jpg
sonata.media.provider.image,default,/home/sanzeyc/public_html/antiquitas/images/Bengt.jpg
sonata.media.provider.image,default,/home/sanzeyc/public_html/antiquitas/images/biberonisolegr.jpg
sonata.media.provider.image,default,/home/sanzeyc/public_html/antiquitas/images/biberonsgr.jpg
sonata.media.provider.image,default,/home/sanzeyc/public_html/antiquitas/images/Bischof.jpg
sonata.media.provider.image,default,/home/sanzeyc/public_html/antiquitas/images/blverfassungs.jpg
sonata.media.provider.image,default,/home/sanzeyc/public_html/antiquitas/images/boeck.jpg
sonata.media.provider.image,default,/home/sanzeyc/public_html/antiquitas/images/boston_congress_2003.jpg
sonata.media.provider.image,default,/home/sanzeyc/public_html/antiquitas/images/brigitte_feuz.jpg
sonata.media.provider.image,default,/home/sanzeyc/public_html/antiquitas/images/brown1.jpg
sonata.media.provider.image,default,/home/sanzeyc/public_html/antiquitas/images/Brown2.jpg
sonata.media.provider.image,default,/home/sanzeyc/public_html/antiquitas/images/bruno_sudan.jpg
sonata.media.provider.image,default,/home/sanzeyc/public_html/antiquitas/images/BuesteKonstantin.jpg
sonata.media.provider.image,default,/home/sanzeyc/public_html/antiquitas/images/buste_avenches.jpg
sonata.media.provider.image,default,/home/sanzeyc/public_html/antiquitas/images/buste_bern.jpg
sonata.media.provider.image,default,/home/sanzeyc/public_html/antiquitas/images/buste_st-prex.jpg
sonata.media.provider.image,default,/home/sanzeyc/public_html/antiquitas/images/buste_thun.jpg
sonata.media.provider.image,default,/home/sanzeyc/public_html/antiquitas/images/cachet_oculiste1.jpg
sonata.media.provider.image,default,/home/sanzeyc/public_html/antiquitas/images/cachet_oculiste2.jpg
sonata.media.provider.image,default,/home/sanzeyc/public_html/antiquitas/images/caeno.jpg
sonata.media.provider.image,default,/home/sanzeyc/public_html/antiquitas/images/caesar.jpg
sonata.media.provider.image,default,/home/sanzeyc/public_html/antiquitas/images/caligula_a_2.jpg
sonata.media.provider.image,default,/home/sanzeyc/public_html/antiquitas/images/caligula_b_2.jpg
sonata.media.provider.image,default,/home/sanzeyc/public_html/antiquitas/images/carte1.jpg
sonata.media.provider.image,default,/home/sanzeyc/public_html/antiquitas/images/carte2.jpg
sonata.media.provider.image,default,/home/sanzeyc/public_html/antiquitas/images/casque_corinthien.jpg
sonata.media.provider.image,default,/home/sanzeyc/public_html/antiquitas/images/casque_etrusque_dedie_a_zeus.jpg
sonata.media.provider.image,default,/home/sanzeyc/public_html/antiquitas/images/Cassiodor.jpg
sonata.media.provider.image,default,/home/sanzeyc/public_html/antiquitas/images/cavalier_couleur.jpg
sonata.media.provider.image,default,/home/sanzeyc/public_html/antiquitas/images/cavalier.gif
sonata.media.provider.image,default,/home/sanzeyc/public_html/antiquitas/images/c_camillus.jpg
sonata.media.provider.image,default,/home/sanzeyc/public_html/antiquitas/images/cedric_pillonel.jpg
sonata.media.provider.image,default,/home/sanzeyc/public_html/antiquitas/images/centef_logo.jpg
sonata.media.provider.image,default,/home/sanzeyc/public_html/antiquitas/images/centre_nte_logo.jpg
sonata.media.provider.image,default,/home/sanzeyc/public_html/antiquitas/images/ceramique_athenes.jpg
sonata.media.provider.image,default,/home/sanzeyc/public_html/antiquitas/images/cercueil.jpg
sonata.media.provider.image,default,/home/sanzeyc/public_html/antiquitas/images/changeng.jpg
sonata.media.provider.image,default,/home/sanzeyc/public_html/antiquitas/images/chiens.jpg
sonata.media.provider.image,default,/home/sanzeyc/public_html/antiquitas/images/christian_marek.jpg
sonata.media.provider.image,default,/home/sanzeyc/public_html/antiquitas/images/christian_raschle.jpg
sonata.media.provider.image,default,/home/sanzeyc/public_html/antiquitas/images/claudius.jpg
sonata.media.provider.image,default,/home/sanzeyc/public_html/antiquitas/images/ClaussEinf.jpg
sonata.media.provider.image,default,/home/sanzeyc/public_html/antiquitas/images/clochettegr.gif
sonata.media.provider.image,default,/home/sanzeyc/public_html/antiquitas/images/cochon_homme.gif
sonata.media.provider.image,default,/home/sanzeyc/public_html/antiquitas/images/colonne_prisonniers2.jpg
sonata.media.provider.image,default,/home/sanzeyc/public_html/antiquitas/images/colonne_prisonniers.jpg
sonata.media.provider.image,default,/home/sanzeyc/public_html/antiquitas/images/communication_vignette.gif
sonata.media.provider.image,default,/home/sanzeyc/public_html/antiquitas/images/Constantinsbogen.dcr
sonata.media.provider.image,default,/home/sanzeyc/public_html/antiquitas/images/Constbogen.jpg
sonata.media.provider.image,default,/home/sanzeyc/public_html/antiquitas/images/coulon-emmaillot.gif
sonata.media.provider.image,default,/home/sanzeyc/public_html/antiquitas/images/CoupeOltos.gif
sonata.media.provider.image,default,/home/sanzeyc/public_html/antiquitas/images/couple.jpg
sonata.media.provider.image,default,/home/sanzeyc/public_html/antiquitas/images/cours_vignette.gif
sonata.media.provider.image,default,/home/sanzeyc/public_html/antiquitas/images/credits_vignette.gif
sonata.media.provider.image,default,/home/sanzeyc/public_html/antiquitas/images/cult.jpg
sonata.media.provider.image,default,/home/sanzeyc/public_html/antiquitas/images/Dah.jpg
sonata.media.provider.image,default,/home/sanzeyc/public_html/antiquitas/images/danny_schlumpf.jpg
sonata.media.provider.image,default,/home/sanzeyc/public_html/antiquitas/images/david_bouvier.jpg
sonata.media.provider.image,default,/home/sanzeyc/public_html/antiquitas/images/david_touvet.jpg
sonata.media.provider.image,default,/home/sanzeyc/public_html/antiquitas/images/deanutrixgr.jpg
sonata.media.provider.image,default,/home/sanzeyc/public_html/antiquitas/images/declineandfall.jpg
sonata.media.provider.image,default,/home/sanzeyc/public_html/antiquitas/images/deesse-meres.jpg
sonata.media.provider.image,default,/home/sanzeyc/public_html/antiquitas/images/deessepoupon.jpg
sonata.media.provider.image,default,/home/sanzeyc/public_html/antiquitas/images/demandt.jpg
sonata.media.provider.image,default,/home/sanzeyc/public_html/antiquitas/images/Dessau694.jpg
sonata.media.provider.image,default,/home/sanzeyc/public_html/antiquitas/images/dessin_relief_bataille_qadesh.jpg
sonata.media.provider.image,default,/home/sanzeyc/public_html/antiquitas/images/didr_2A.jpg
sonata.media.provider.image,default,/home/sanzeyc/public_html/antiquitas/images/didr_2B.jpg
sonata.media.provider.image,default,/home/sanzeyc/public_html/antiquitas/images/Diokletian-Muenze.gif
sonata.media.provider.image,default,/home/sanzeyc/public_html/antiquitas/images/drapeau_deutsch.gif
sonata.media.provider.image,default,/home/sanzeyc/public_html/antiquitas/images/drapeau_deutsch_mini.jpg
sonata.media.provider.image,default,/home/sanzeyc/public_html/antiquitas/images/drapeau_english.gif
sonata.media.provider.image,default,/home/sanzeyc/public_html/antiquitas/images/drapeau_english_mini.jpg
sonata.media.provider.image,default,/home/sanzeyc/public_html/antiquitas/images/drapeau_francais.gif
sonata.media.provider.image,default,/home/sanzeyc/public_html/antiquitas/images/drapeau_francais_mini.jpg
sonata.media.provider.image,default,/home/sanzeyc/public_html/antiquitas/images/dtA.jpg
sonata.media.provider.image,default,/home/sanzeyc/public_html/antiquitas/images/dtv.jpg
sonata.media.provider.image,default,/home/sanzeyc/public_html/antiquitas/images/edit.gif
sonata.media.provider.image,default,/home/sanzeyc/public_html/antiquitas/images/edition_texte_epigraphique.jpg
sonata.media.provider.image,default,/home/sanzeyc/public_html/antiquitas/images/elektron1A.jpg
sonata.media.provider.image,default,/home/sanzeyc/public_html/antiquitas/images/elektron1B.jpg
sonata.media.provider.image,default,/home/sanzeyc/public_html/antiquitas/images/elektron3A.jpg
sonata.media.provider.image,default,/home/sanzeyc/public_html/antiquitas/images/elektron3B.jpg
sonata.media.provider.image,default,/home/sanzeyc/public_html/antiquitas/images/emmaillotgr.jpg
sonata.media.provider.image,default,/home/sanzeyc/public_html/antiquitas/images/enfant_bulla.jpg
sonata.media.provider.image,default,/home/sanzeyc/public_html/antiquitas/images/enfants_corne.gif
sonata.media.provider.image,default,/home/sanzeyc/public_html/antiquitas/images/ennius.jpg
sonata.media.provider.image,default,/home/sanzeyc/public_html/antiquitas/images/entraves.jpg
sonata.media.provider.image,default,/home/sanzeyc/public_html/antiquitas/images/entwertung.gif
sonata.media.provider.image,default,/home/sanzeyc/public_html/antiquitas/images/equipe_vignette.gif
sonata.media.provider.image,default,/home/sanzeyc/public_html/antiquitas/images/ethnous_inschrift.jpg
sonata.media.provider.image,default,/home/sanzeyc/public_html/antiquitas/images/EusebLoeb.jpg
sonata.media.provider.image,default,/home/sanzeyc/public_html/antiquitas/images/exemple_boustrophedon.jpg
sonata.media.provider.image,default,/home/sanzeyc/public_html/antiquitas/images/exemple_lemme.jpg
sonata.media.provider.image,default,/home/sanzeyc/public_html/antiquitas/images/exemple_stoichedon.jpg
sonata.media.provider.image,default,/home/sanzeyc/public_html/antiquitas/images/exposition_bourges.jpg
sonata.media.provider.image,default,/home/sanzeyc/public_html/antiquitas/images/exvoto_dijon.jpg
sonata.media.provider.image,default,/home/sanzeyc/public_html/antiquitas/images/exvoto.jpg
sonata.media.provider.image,default,/home/sanzeyc/public_html/antiquitas/images/famille.jpg
sonata.media.provider.image,default,/home/sanzeyc/public_html/antiquitas/images/Fasti.jpg
sonata.media.provider.image,default,/home/sanzeyc/public_html/antiquitas/images/femme_debout.jpg
sonata.media.provider.image,default,/home/sanzeyc/public_html/antiquitas/images/femmes_sans_tete.gif
sonata.media.provider.image,default,/home/sanzeyc/public_html/antiquitas/images/femme_voilee.jpg
sonata.media.provider.image,default,/home/sanzeyc/public_html/antiquitas/images/festilla.jpg
sonata.media.provider.image,default,/home/sanzeyc/public_html/antiquitas/images/fiche_next.gif
sonata.media.provider.image,default,/home/sanzeyc/public_html/antiquitas/images/fiche_previous.gif
sonata.media.provider.image,default,/home/sanzeyc/public_html/antiquitas/images/foie.jpg
sonata.media.provider.image,default,/home/sanzeyc/public_html/antiquitas/images/fondmos.gif
sonata.media.provider.image,default,/home/sanzeyc/public_html/antiquitas/images/Fortuna.jpg
sonata.media.provider.image,default,/home/sanzeyc/public_html/antiquitas/images/francesca_prescendi.jpg
sonata.media.provider.image,default,/home/sanzeyc/public_html/antiquitas/images/francois.jimenez.jpg
sonata.media.provider.image,default,/home/sanzeyc/public_html/antiquitas/images/FrankLBjpg.jpg
sonata.media.provider.image,default,/home/sanzeyc/public_html/antiquitas/images/frondeur.gif
sonata.media.provider.image,default,/home/sanzeyc/public_html/antiquitas/images/Gehrke.jpg
sonata.media.provider.image,default,/home/sanzeyc/public_html/antiquitas/images/GehrkeSchneider.jpg
sonata.media.provider.image,default,/home/sanzeyc/public_html/antiquitas/images/gemella.jpg
sonata.media.provider.image,default,/home/sanzeyc/public_html/antiquitas/images/gerald_collaud.jpg
sonata.media.provider.image,default,/home/sanzeyc/public_html/antiquitas/images/gerold_ritter.jpg
sonata.media.provider.image,default,/home/sanzeyc/public_html/antiquitas/images/Geschichtsschreiber.jpg
sonata.media.provider.image,default,/home/sanzeyc/public_html/antiquitas/images/Gibbon.jpg
sonata.media.provider.image,default,/home/sanzeyc/public_html/antiquitas/images/Goldsolidus.jpg
sonata.media.provider.image,default,/home/sanzeyc/public_html/antiquitas/images/grabgedicht.jpg
sonata.media.provider.image,default,/home/sanzeyc/public_html/antiquitas/images/GrosserPloetz.jpg
sonata.media.provider.image,default,/home/sanzeyc/public_html/antiquitas/images/Grote.jpg
sonata.media.provider.image,default,/home/sanzeyc/public_html/antiquitas/images/Guenth.jpg
sonata.media.provider.image,default,/home/sanzeyc/public_html/antiquitas/images/Hagiasophia2x.jpg
sonata.media.provider.image,default,/home/sanzeyc/public_html/antiquitas/images/hagiasophiaMosaik.jpg
sonata.media.provider.image,default,/home/sanzeyc/public_html/antiquitas/images/helms.jpg
sonata.media.provider.image,default,/home/sanzeyc/public_html/antiquitas/images/helvarch.jpg
sonata.media.provider.image,default,/home/sanzeyc/public_html/antiquitas/images/hepatoscopie.jpg
sonata.media.provider.image,default,/home/sanzeyc/public_html/antiquitas/images/herakles_athena.jpg
sonata.media.provider.image,default,/home/sanzeyc/public_html/antiquitas/images/herakles_lion.jpg
sonata.media.provider.image,default,/home/sanzeyc/public_html/antiquitas/images/Herrscherliste4.jpg
sonata.media.provider.image,default,/home/sanzeyc/public_html/antiquitas/images/herve_platteaux.jpg
sonata.media.provider.image,default,/home/sanzeyc/public_html/antiquitas/images/hisorisches_institut_logo.gif
sonata.media.provider.image,default,/home/sanzeyc/public_html/antiquitas/images/hisorisches_institut_logo.jpg
sonata.media.provider.image,default,/home/sanzeyc/public_html/antiquitas/images/hoards.gif
sonata.media.provider.image,default,/home/sanzeyc/public_html/antiquitas/images/holztafel2.jpg
sonata.media.provider.image,default,/home/sanzeyc/public_html/antiquitas/images/holztafel_text2.jpg
sonata.media.provider.image,default,/home/sanzeyc/public_html/antiquitas/images/homme_cangue.jpg
sonata.media.provider.image,default,/home/sanzeyc/public_html/antiquitas/images/hoplite_pilos.jpg
sonata.media.provider.image,default,/home/sanzeyc/public_html/antiquitas/images/hoplites580.jpg
sonata.media.provider.image,default,/home/sanzeyc/public_html/antiquitas/images/iasa_logo.jpg
sonata.media.provider.image,default,/home/sanzeyc/public_html/antiquitas/images/icone_admin_afficher.gif
sonata.media.provider.image,default,/home/sanzeyc/public_html/antiquitas/images/icone_admin_ajouter.gif
sonata.media.provider.image,default,/home/sanzeyc/public_html/antiquitas/images/icone_admin_cacher.gif
sonata.media.provider.image,default,/home/sanzeyc/public_html/antiquitas/images/icone_admin_descendre.gif
sonata.media.provider.image,default,/home/sanzeyc/public_html/antiquitas/images/icone_admin_descendregris.gif
sonata.media.provider.image,default,/home/sanzeyc/public_html/antiquitas/images/icone_admin_effacer.gif
sonata.media.provider.image,default,/home/sanzeyc/public_html/antiquitas/images/icone_admin_modifier.gif
sonata.media.provider.image,default,/home/sanzeyc/public_html/antiquitas/images/icone_admin_monter.gif
sonata.media.provider.image,default,/home/sanzeyc/public_html/antiquitas/images/icone_admin_montergris.gif
sonata.media.provider.image,default,/home/sanzeyc/public_html/antiquitas/images/image006.gif
sonata.media.provider.image,default,/home/sanzeyc/public_html/antiquitas/images/images_vignette.jpg
sonata.media.provider.image,default,/home/sanzeyc/public_html/antiquitas/images/imp_ex_1A.jpg
sonata.media.provider.image,default,/home/sanzeyc/public_html/antiquitas/images/imp_ex_1B.jpg
sonata.media.provider.image,default,/home/sanzeyc/public_html/antiquitas/images/imp_ex_2A.jpg
sonata.media.provider.image,default,/home/sanzeyc/public_html/antiquitas/images/imp_ex_2B.jpg
sonata.media.provider.image,default,/home/sanzeyc/public_html/antiquitas/images/imp_ex_3A.jpg
sonata.media.provider.image,default,/home/sanzeyc/public_html/antiquitas/images/imp_ex_3B.jpg
sonata.media.provider.image,default,/home/sanzeyc/public_html/antiquitas/images/imp_ex_4A.jpg
sonata.media.provider.image,default,/home/sanzeyc/public_html/antiquitas/images/imp_ex_4B.jpg
sonata.media.provider.image,default,/home/sanzeyc/public_html/antiquitas/images/imp_ex_5A.jpg
sonata.media.provider.image,default,/home/sanzeyc/public_html/antiquitas/images/imp_ex_5B.jpg
sonata.media.provider.image,default,/home/sanzeyc/public_html/antiquitas/images/imp_ex_6A.jpg
sonata.media.provider.image,default,/home/sanzeyc/public_html/antiquitas/images/imp_ex_6B.jpg
sonata.media.provider.image,default,/home/sanzeyc/public_html/antiquitas/images/incertus2.jpg
sonata.media.provider.image,default,/home/sanzeyc/public_html/antiquitas/images/initiation.gif
sonata.media.provider.image,default,/home/sanzeyc/public_html/antiquitas/images/innen.jpg
sonata.media.provider.image,default,/home/sanzeyc/public_html/antiquitas/images/instruments_chirurgicaux.jpg
sonata.media.provider.image,default,/home/sanzeyc/public_html/antiquitas/images/interrogation.jpg
sonata.media.provider.image,default,/home/sanzeyc/public_html/antiquitas/images/isabelle_villeveygoux.jpg
sonata.media.provider.image,default,/home/sanzeyc/public_html/antiquitas/images/isis.jpg
sonata.media.provider.image,default,/home/sanzeyc/public_html/antiquitas/images/IuniusBassus-Junior.gif
sonata.media.provider.image,default,/home/sanzeyc/public_html/antiquitas/images/IuniusBassus-Senior.gif
sonata.media.provider.image,default,/home/sanzeyc/public_html/antiquitas/images/jeanluc_thirot.jpg
sonata.media.provider.image,default,/home/sanzeyc/public_html/antiquitas/images/Jones.jpg
sonata.media.provider.image,default,/home/sanzeyc/public_html/antiquitas/images/jouets1234.gif
sonata.media.provider.image,default,/home/sanzeyc/public_html/antiquitas/images/jouetsgr.jpg
sonata.media.provider.image,default,/home/sanzeyc/public_html/antiquitas/images/JulianMuenze.jpg
sonata.media.provider.image,default,/home/sanzeyc/public_html/antiquitas/images/karte_alpenfeldzug5.jpg
sonata.media.provider.image,default,/home/sanzeyc/public_html/antiquitas/images/KarteRom.jpg
sonata.media.provider.image,default,/home/sanzeyc/public_html/antiquitas/images/kastell_pfuenz.jpg
sonata.media.provider.image,default,/home/sanzeyc/public_html/antiquitas/images/kolonienkarte5.jpg
sonata.media.provider.image,default,/home/sanzeyc/public_html/antiquitas/images/kommandostruktur_b.jpg
sonata.media.provider.image,default,/home/sanzeyc/public_html/antiquitas/images/Konstantinsolidus.jpg
sonata.media.provider.image,default,/home/sanzeyc/public_html/antiquitas/images/Kreis1.jpg
sonata.media.provider.image,default,/home/sanzeyc/public_html/antiquitas/images/Kreis2.jpg
sonata.media.provider.image,default,/home/sanzeyc/public_html/antiquitas/images/Kreisel.jpg
sonata.media.provider.image,default,/home/sanzeyc/public_html/antiquitas/images/lagermodell215.jpg
sonata.media.provider.image,default,/home/sanzeyc/public_html/antiquitas/images/lager_praetorianer.jpg
sonata.media.provider.image,default,/home/sanzeyc/public_html/antiquitas/images/lagertor_2.jpg
sonata.media.provider.image,default,/home/sanzeyc/public_html/antiquitas/images/lagertorinlandschaft.jpg
sonata.media.provider.image,default,/home/sanzeyc/public_html/antiquitas/images/lapin.gif
sonata.media.provider.image,default,/home/sanzeyc/public_html/antiquitas/images/Lararium.jpg
sonata.media.provider.image,default,/home/sanzeyc/public_html/antiquitas/images/lara_sbriglione.jpg
sonata.media.provider.image,default,/home/sanzeyc/public_html/antiquitas/images/lecythe_funeraire_attique.jpg
sonata.media.provider.image,default,/home/sanzeyc/public_html/antiquitas/images/le_lac_photo_interview.jpg
sonata.media.provider.image,default,/home/sanzeyc/public_html/antiquitas/images/LexChrLit.jpg
sonata.media.provider.image,default,/home/sanzeyc/public_html/antiquitas/images/Libation.gif
sonata.media.provider.image,default,/home/sanzeyc/public_html/antiquitas/images/limestor.jpg
sonata.media.provider.image,default,/home/sanzeyc/public_html/antiquitas/images/limesturm.jpg
sonata.media.provider.image,default,/home/sanzeyc/public_html/antiquitas/images/livre_des_morts.jpg
sonata.media.provider.image,default,/home/sanzeyc/public_html/antiquitas/images/logo_antiquitas.gif
sonata.media.provider.image,default,/home/sanzeyc/public_html/antiquitas/images/logo_antiquitas_old1.gif
sonata.media.provider.image,default,/home/sanzeyc/public_html/antiquitas/images/logo_antiquitas_old2.gif
sonata.media.provider.image,default,/home/sanzeyc/public_html/antiquitas/images/logo_antiquitas_old.gif
sonata.media.provider.image,default,/home/sanzeyc/public_html/antiquitas/images/logo_antiquitasold.gif
sonata.media.provider.image,default,/home/sanzeyc/public_html/antiquitas/images/louve.jpg
sonata.media.provider.image,default,/home/sanzeyc/public_html/antiquitas/images/ludovic_gay-des-combes.jpg
sonata.media.provider.image,default,/home/sanzeyc/public_html/antiquitas/images/luftbildlager15.jpg
sonata.media.provider.image,default,/home/sanzeyc/public_html/antiquitas/images/lugano_dasen.jpg
sonata.media.provider.image,default,/home/sanzeyc/public_html/antiquitas/images/lugano_epig.jpg
sonata.media.provider.image,default,/home/sanzeyc/public_html/antiquitas/images/lugano_pierart.jpg
sonata.media.provider.image,default,/home/sanzeyc/public_html/antiquitas/images/lukas_thommen.jpg
sonata.media.provider.image,default,/home/sanzeyc/public_html/antiquitas/images/lunulegd.jpg
sonata.media.provider.image,default,/home/sanzeyc/public_html/antiquitas/images/main_sabazios-3nb300.jpg
sonata.media.provider.image,default,/home/sanzeyc/public_html/antiquitas/images/main_sabazios.jpg
sonata.media.provider.image,default,/home/sanzeyc/public_html/antiquitas/images/maintenance.png
sonata.media.provider.image,default,/home/sanzeyc/public_html/antiquitas/images/marcel_pierart.jpg
sonata.media.provider.image,default,/home/sanzeyc/public_html/antiquitas/images/marchand_fer.jpg
sonata.media.provider.image,default,/home/sanzeyc/public_html/antiquitas/images/marion_wullschleger.jpg
sonata.media.provider.image,default,/home/sanzeyc/public_html/antiquitas/images/maternus.jpg
sonata.media.provider.image,default,/home/sanzeyc/public_html/antiquitas/images/matthias_faessler.jpg
sonata.media.provider.image,default,/home/sanzeyc/public_html/antiquitas/images/medecins.jpg
sonata.media.provider.image,default,/home/sanzeyc/public_html/antiquitas/images/meier.jpg
sonata.media.provider.image,default,/home/sanzeyc/public_html/antiquitas/images/Meilichios.gif
sonata.media.provider.image,default,/home/sanzeyc/public_html/antiquitas/images/Melania.jpg
sonata.media.provider.image,default,/home/sanzeyc/public_html/antiquitas/images/menu_101_sarco.jpg
sonata.media.provider.image,default,/home/sanzeyc/public_html/antiquitas/images/menu_111_colonnes.jpg
sonata.media.provider.image,default,/home/sanzeyc/public_html/antiquitas/images/menu_111_dee-poupon.jpg
sonata.media.provider.image,default,/home/sanzeyc/public_html/antiquitas/images/menu_111_fem-debout.jpg
sonata.media.provider.image,default,/home/sanzeyc/public_html/antiquitas/images/menu_111_Herrscher.jpg
sonata.media.provider.image,default,/home/sanzeyc/public_html/antiquitas/images/menu_111_hoplite.jpg
sonata.media.provider.image,default,/home/sanzeyc/public_html/antiquitas/images/menu_112_andromede.jpg
sonata.media.provider.image,default,/home/sanzeyc/public_html/antiquitas/images/menu_112_fem-voilee.jpg
sonata.media.provider.image,default,/home/sanzeyc/public_html/antiquitas/images/menu_121_emmaillot.jpg
sonata.media.provider.image,default,/home/sanzeyc/public_html/antiquitas/images/menu_121_hom_cangue.jpg
sonata.media.provider.image,default,/home/sanzeyc/public_html/antiquitas/images/menu_121_hoplites580.jpg
sonata.media.provider.image,default,/home/sanzeyc/public_html/antiquitas/images/menu_121_lararium.jpg
sonata.media.provider.image,default,/home/sanzeyc/public_html/antiquitas/images/menu_131_caeno.jpg
sonata.media.provider.image,default,/home/sanzeyc/public_html/antiquitas/images/menu_131_enf-bulla.jpg
sonata.media.provider.image,default,/home/sanzeyc/public_html/antiquitas/images/menu_131_frondeur.gif
sonata.media.provider.image,default,/home/sanzeyc/public_html/antiquitas/images/menu_132_lunule.jpg
sonata.media.provider.image,default,/home/sanzeyc/public_html/antiquitas/images/menu_132_vjesnik.jpg
sonata.media.provider.image,default,/home/sanzeyc/public_html/antiquitas/images/menu_133_ziegel.jpg
sonata.media.provider.image,default,/home/sanzeyc/public_html/antiquitas/images/menu_134_peltaste.gif
sonata.media.provider.image,default,/home/sanzeyc/public_html/antiquitas/images/menu_141_bibs.jpg
sonata.media.provider.image,default,/home/sanzeyc/public_html/antiquitas/images/menu_141_carte1.jpg
sonata.media.provider.image,default,/home/sanzeyc/public_html/antiquitas/images/menu_141_caval_coul.jpg
sonata.media.provider.image,default,/home/sanzeyc/public_html/antiquitas/images/menu_141_munze_134.jpg
sonata.media.provider.image,default,/home/sanzeyc/public_html/antiquitas/images/menu_141_pretr-at1.jpg
sonata.media.provider.image,default,/home/sanzeyc/public_html/antiquitas/images/menu_142_caligula.gif
sonata.media.provider.image,default,/home/sanzeyc/public_html/antiquitas/images/menu_142_carte2.jpg
sonata.media.provider.image,default,/home/sanzeyc/public_html/antiquitas/images/menu_142_cavalier.gif
sonata.media.provider.image,default,/home/sanzeyc/public_html/antiquitas/images/menu_142_pretr-at2.jpg
sonata.media.provider.image,default,/home/sanzeyc/public_html/antiquitas/images/menu_143_munze_336.jpg
sonata.media.provider.image,default,/home/sanzeyc/public_html/antiquitas/images/menu_143_pretr_ital.jpg
sonata.media.provider.image,default,/home/sanzeyc/public_html/antiquitas/images/menu_151_deanutrix.jpg
sonata.media.provider.image,default,/home/sanzeyc/public_html/antiquitas/images/menu_151_lagertorin.jpg
sonata.media.provider.image,default,/home/sanzeyc/public_html/antiquitas/images/menu_152_oellampe.jpg
sonata.media.provider.image,default,/home/sanzeyc/public_html/antiquitas/images/menu_153_schwert.jpg
sonata.media.provider.image,default,/home/sanzeyc/public_html/antiquitas/images/menu_154_relief_augst.gif
sonata.media.provider.image,default,/home/sanzeyc/public_html/antiquitas/images/menu_211_Aurelian.gif
sonata.media.provider.image,default,/home/sanzeyc/public_html/antiquitas/images/menu_211_c_camillus.jpg
sonata.media.provider.image,default,/home/sanzeyc/public_html/antiquitas/images/menu_211_dijon.jpg
sonata.media.provider.image,default,/home/sanzeyc/public_html/antiquitas/images/menu_211_reliefheros.gif
sonata.media.provider.image,default,/home/sanzeyc/public_html/antiquitas/images/menu_211_relief.jpg
sonata.media.provider.image,default,/home/sanzeyc/public_html/antiquitas/images/menu_211_Skizze.gif
sonata.media.provider.image,default,/home/sanzeyc/public_html/antiquitas/images/menu_212-254_vue.jpg
sonata.media.provider.image,default,/home/sanzeyc/public_html/antiquitas/images/menu_212_beaune.jpg
sonata.media.provider.image,default,/home/sanzeyc/public_html/antiquitas/images/menu_212_lapin.gif
sonata.media.provider.image,default,/home/sanzeyc/public_html/antiquitas/images/menu_212_Mosaik1.jpg
sonata.media.provider.image,default,/home/sanzeyc/public_html/antiquitas/images/menu_213_Meilichios.gif
sonata.media.provider.image,default,/home/sanzeyc/public_html/antiquitas/images/menu_213_Mosaik2.jpg
sonata.media.provider.image,default,/home/sanzeyc/public_html/antiquitas/images/menu_214_Mosaik3.gif
sonata.media.provider.image,default,/home/sanzeyc/public_html/antiquitas/images/menu_221_const-bogen.gif
sonata.media.provider.image,default,/home/sanzeyc/public_html/antiquitas/images/menu_221_CoupeOltos.gif
sonata.media.provider.image,default,/home/sanzeyc/public_html/antiquitas/images/menu_221_helms.jpg
sonata.media.provider.image,default,/home/sanzeyc/public_html/antiquitas/images/menu_221_Praetetxtatus.jpg
sonata.media.provider.image,default,/home/sanzeyc/public_html/antiquitas/images/menu_221_sacrifice.jpg
sonata.media.provider.image,default,/home/sanzeyc/public_html/antiquitas/images/menu_221_tombe.jpg
sonata.media.provider.image,default,/home/sanzeyc/public_html/antiquitas/images/menu_222_atelier.gif
sonata.media.provider.image,default,/home/sanzeyc/public_html/antiquitas/images/menu_222_Goldsolidus.gif
sonata.media.provider.image,default,/home/sanzeyc/public_html/antiquitas/images/menu_222_minotaure.jpg
sonata.media.provider.image,default,/home/sanzeyc/public_html/antiquitas/images/menu_222_pilum.jpg
sonata.media.provider.image,default,/home/sanzeyc/public_html/antiquitas/images/menu_222_sacr_liss.jpg
sonata.media.provider.image,default,/home/sanzeyc/public_html/antiquitas/images/menu_223_Bosporus.jpg
sonata.media.provider.image,default,/home/sanzeyc/public_html/antiquitas/images/menu_223_schwert.jpg
sonata.media.provider.image,default,/home/sanzeyc/public_html/antiquitas/images/menu_224_stele.jpg
sonata.media.provider.image,default,/home/sanzeyc/public_html/antiquitas/images/menu_225_struktur.jpg
sonata.media.provider.image,default,/home/sanzeyc/public_html/antiquitas/images/menu_231_Constbogen2.jpg
sonata.media.provider.image,default,/home/sanzeyc/public_html/antiquitas/images/menu_231_kolonien.jpg
sonata.media.provider.image,default,/home/sanzeyc/public_html/antiquitas/images/menu_231_mercure.jpg
sonata.media.provider.image,default,/home/sanzeyc/public_html/antiquitas/images/menu_231_neptune.jpg
sonata.media.provider.image,default,/home/sanzeyc/public_html/antiquitas/images/menu_231_Poupees.jpg
sonata.media.provider.image,default,/home/sanzeyc/public_html/antiquitas/images/menu_231_sacrifice.jpg
sonata.media.provider.image,default,/home/sanzeyc/public_html/antiquitas/images/menu_232_jouets.jpg
sonata.media.provider.image,default,/home/sanzeyc/public_html/antiquitas/images/menu_232Konst-soli.jpg
sonata.media.provider.image,default,/home/sanzeyc/public_html/antiquitas/images/menu_232_nyon.jpg
sonata.media.provider.image,default,/home/sanzeyc/public_html/antiquitas/images/menu_232_sacrifice.jpg
sonata.media.provider.image,default,/home/sanzeyc/public_html/antiquitas/images/menu_232_suleviae.jpg
sonata.media.provider.image,default,/home/sanzeyc/public_html/antiquitas/images/menu_232_venus.jpg
sonata.media.provider.image,default,/home/sanzeyc/public_html/antiquitas/images/menu_233_fortuna.jpg
sonata.media.provider.image,default,/home/sanzeyc/public_html/antiquitas/images/menu_233_JulianMuen.jpg
sonata.media.provider.image,default,/home/sanzeyc/public_html/antiquitas/images/menu_233_taurobole.jpg
sonata.media.provider.image,default,/home/sanzeyc/public_html/antiquitas/images/menu_241_ankara.jpg
sonata.media.provider.image,default,/home/sanzeyc/public_html/antiquitas/images/menu_241_aunus.jpg
sonata.media.provider.image,default,/home/sanzeyc/public_html/antiquitas/images/menu_241_Libation.gif
sonata.media.provider.image,default,/home/sanzeyc/public_html/antiquitas/images/menu_241_lion.jpg
sonata.media.provider.image,default,/home/sanzeyc/public_html/antiquitas/images/menu_241_moulage.jpg
sonata.media.provider.image,default,/home/sanzeyc/public_html/antiquitas/images/menu_241_Voelkerw.jpg
sonata.media.provider.image,default,/home/sanzeyc/public_html/antiquitas/images/menu_242_Ajas.jpg
sonata.media.provider.image,default,/home/sanzeyc/public_html/antiquitas/images/menu_242_athena.jpg
sonata.media.provider.image,default,/home/sanzeyc/public_html/antiquitas/images/menu_242_papyrus.jpg
sonata.media.provider.image,default,/home/sanzeyc/public_html/antiquitas/images/menu_251_aprilis_des.jpg
sonata.media.provider.image,default,/home/sanzeyc/public_html/antiquitas/images/menu_251_HagiaSMos.jpg
sonata.media.provider.image,default,/home/sanzeyc/public_html/antiquitas/images/menu_251_lager.jpg
sonata.media.provider.image,default,/home/sanzeyc/public_html/antiquitas/images/menu_251_stele.jpg
sonata.media.provider.image,default,/home/sanzeyc/public_html/antiquitas/images/menu_252_aprilis_pho.jpg
sonata.media.provider.image,default,/home/sanzeyc/public_html/antiquitas/images/menu_252_HagiaS2x.jpg
sonata.media.provider.image,default,/home/sanzeyc/public_html/antiquitas/images/menu_252_vexilationen.jpg
sonata.media.provider.image,default,/home/sanzeyc/public_html/antiquitas/images/menu_253_entraves.jpg
sonata.media.provider.image,default,/home/sanzeyc/public_html/antiquitas/images/menu_281_Pausanias.jpg
sonata.media.provider.image,default,/home/sanzeyc/public_html/antiquitas/images/menu_282_Fasti.jpg
sonata.media.provider.image,default,/home/sanzeyc/public_html/antiquitas/images/menu_301.jpg
sonata.media.provider.image,default,/home/sanzeyc/public_html/antiquitas/images/menu_311_festilla.jpg
sonata.media.provider.image,default,/home/sanzeyc/public_html/antiquitas/images/menu_311_hepato.jpg
sonata.media.provider.image,default,/home/sanzeyc/public_html/antiquitas/images/menu_311_musi-assise.jpg
sonata.media.provider.image,default,/home/sanzeyc/public_html/antiquitas/images/menu_311_romkonst.jpg
sonata.media.provider.image,default,/home/sanzeyc/public_html/antiquitas/images/menu_311_Sarkophag.jpg
sonata.media.provider.image,default,/home/sanzeyc/public_html/antiquitas/images/menu_311_trireme.jpg
sonata.media.provider.image,default,/home/sanzeyc/public_html/antiquitas/images/menu_311_trophee.jpg
sonata.media.provider.image,default,/home/sanzeyc/public_html/antiquitas/images/menu_312_antikestaedt.jpg
sonata.media.provider.image,default,/home/sanzeyc/public_html/antiquitas/images/menu_312_buste_st-prex.jpg
sonata.media.provider.image,default,/home/sanzeyc/public_html/antiquitas/images/menu_312_musi-debout.jpg
sonata.media.provider.image,default,/home/sanzeyc/public_html/antiquitas/images/menu_312_pythie.jpg
sonata.media.provider.image,default,/home/sanzeyc/public_html/antiquitas/images/menu_312_Sarko-Inschrift.jpg
sonata.media.provider.image,default,/home/sanzeyc/public_html/antiquitas/images/menu_312_schleuderblei.gif
sonata.media.provider.image,default,/home/sanzeyc/public_html/antiquitas/images/menu_313_buste_thun.jpg
sonata.media.provider.image,default,/home/sanzeyc/public_html/antiquitas/images/menu_313_orpheus.jpg
sonata.media.provider.image,default,/home/sanzeyc/public_html/antiquitas/images/menu_313_pirousta.jpg
sonata.media.provider.image,default,/home/sanzeyc/public_html/antiquitas/images/menu_314_reiter.jpg
sonata.media.provider.image,default,/home/sanzeyc/public_html/antiquitas/images/menu_315_muenze1363.jpg
sonata.media.provider.image,default,/home/sanzeyc/public_html/antiquitas/images/menu_321_artemis_char.jpg
sonata.media.provider.image,default,/home/sanzeyc/public_html/antiquitas/images/menu_321_cochon.gif
sonata.media.provider.image,default,/home/sanzeyc/public_html/antiquitas/images/menu_321_foie.jpg
sonata.media.provider.image,default,/home/sanzeyc/public_html/antiquitas/images/menu_321_noticiaK.jpg
sonata.media.provider.image,default,/home/sanzeyc/public_html/antiquitas/images/menu_321_Probus.gif
sonata.media.provider.image,default,/home/sanzeyc/public_html/antiquitas/images/menu_321_sestertrajans.jpg
sonata.media.provider.image,default,/home/sanzeyc/public_html/antiquitas/images/menu_321_severilla.jpg
sonata.media.provider.image,default,/home/sanzeyc/public_html/antiquitas/images/menu_322_gemella.jpg
sonata.media.provider.image,default,/home/sanzeyc/public_html/antiquitas/images/menu_322_Provinzen.jpg
sonata.media.provider.image,default,/home/sanzeyc/public_html/antiquitas/images/menu_322_sans_tete.gif
sonata.media.provider.image,default,/home/sanzeyc/public_html/antiquitas/images/menu_323_couple.jpg
sonata.media.provider.image,default,/home/sanzeyc/public_html/antiquitas/images/menu_324_buste_bern.jpg
sonata.media.provider.image,default,/home/sanzeyc/public_html/antiquitas/images/menu_325_buste_aven.jpg
sonata.media.provider.image,default,/home/sanzeyc/public_html/antiquitas/images/menu_331_Ambrosius.jpg
sonata.media.provider.image,default,/home/sanzeyc/public_html/antiquitas/images/menu_331_initiation.gif
sonata.media.provider.image,default,/home/sanzeyc/public_html/antiquitas/images/menu_331_louve.jpg
sonata.media.provider.image,default,/home/sanzeyc/public_html/antiquitas/images/menu_331_muenze_93.jpg
sonata.media.provider.image,default,/home/sanzeyc/public_html/antiquitas/images/menu_331_vieille_fem.jpg
sonata.media.provider.image,default,/home/sanzeyc/public_html/antiquitas/images/menu_331_visellia_firma.jpg
sonata.media.provider.image,default,/home/sanzeyc/public_html/antiquitas/images/menu_332_Bischof.jpg
sonata.media.provider.image,default,/home/sanzeyc/public_html/antiquitas/images/menu_332_cercueil.jpg
sonata.media.provider.image,default,/home/sanzeyc/public_html/antiquitas/images/menu_333_famille.jpg
sonata.media.provider.image,default,/home/sanzeyc/public_html/antiquitas/images/menu_334_deesse-m.jpg
sonata.media.provider.image,default,/home/sanzeyc/public_html/antiquitas/images/menu_335_poupees.jpg
sonata.media.provider.image,default,/home/sanzeyc/public_html/antiquitas/images/menu_336_port_enfant.jpg
sonata.media.provider.image,default,/home/sanzeyc/public_html/antiquitas/images/menu_341_arrians.jpg
sonata.media.provider.image,default,/home/sanzeyc/public_html/antiquitas/images/menu_341_Cassiodor.jpg
sonata.media.provider.image,default,/home/sanzeyc/public_html/antiquitas/images/menu_341_isis.gif
sonata.media.provider.image,default,/home/sanzeyc/public_html/antiquitas/images/menu_341_louve.jpg
sonata.media.provider.image,default,/home/sanzeyc/public_html/antiquitas/images/menu_341_naine.gif
sonata.media.provider.image,default,/home/sanzeyc/public_html/antiquitas/images/menu_341_stele_mousa.jpg
sonata.media.provider.image,default,/home/sanzeyc/public_html/antiquitas/images/menu_342_cult.jpg
sonata.media.provider.image,default,/home/sanzeyc/public_html/antiquitas/images/menu_342_nainassis.gif
sonata.media.provider.image,default,/home/sanzeyc/public_html/antiquitas/images/menu_342_phanostrate.jpg
sonata.media.provider.image,default,/home/sanzeyc/public_html/antiquitas/images/menu_343_changeng.jpg
sonata.media.provider.image,default,/home/sanzeyc/public_html/antiquitas/images/menu_351_b3.jpg
sonata.media.provider.image,default,/home/sanzeyc/public_html/antiquitas/images/menu_351_claudius.jpg
sonata.media.provider.image,default,/home/sanzeyc/public_html/antiquitas/images/menu_351_Melania.jpg
sonata.media.provider.image,default,/home/sanzeyc/public_html/antiquitas/images/menu_351_poupeemagie.gif
sonata.media.provider.image,default,/home/sanzeyc/public_html/antiquitas/images/menu_352_b4.jpg
sonata.media.provider.image,default,/home/sanzeyc/public_html/antiquitas/images/menu_353_relief.jpg
sonata.media.provider.image,default,/home/sanzeyc/public_html/antiquitas/images/menu_354_romweg.jpg
sonata.media.provider.image,default,/home/sanzeyc/public_html/antiquitas/images/menu_411_lagertor.jpg
sonata.media.provider.image,default,/home/sanzeyc/public_html/antiquitas/images/menu_411_maternus.jpg
sonata.media.provider.image,default,/home/sanzeyc/public_html/antiquitas/images/menu_412_afranius.jpg
sonata.media.provider.image,default,/home/sanzeyc/public_html/antiquitas/images/menu_412_kaserne.jpg
sonata.media.provider.image,default,/home/sanzeyc/public_html/antiquitas/images/menu_413_thermen.jpg
sonata.media.provider.image,default,/home/sanzeyc/public_html/antiquitas/images/menu_414_offiziershaus.jpg
sonata.media.provider.image,default,/home/sanzeyc/public_html/antiquitas/images/menu_415_amphi.jpg
sonata.media.provider.image,default,/home/sanzeyc/public_html/antiquitas/images/menu_421_nautes.jpg
sonata.media.provider.image,default,/home/sanzeyc/public_html/antiquitas/images/menu_422_march_fer.jpg
sonata.media.provider.image,default,/home/sanzeyc/public_html/antiquitas/images/menu_423_potier.jpg
sonata.media.provider.image,default,/home/sanzeyc/public_html/antiquitas/images/menu_424_orfevre.jpg
sonata.media.provider.image,default,/home/sanzeyc/public_html/antiquitas/images/menu_425_tailleur_pierre.jpg
sonata.media.provider.image,default,/home/sanzeyc/public_html/antiquitas/images/menu_431_medecins.jpg
sonata.media.provider.image,default,/home/sanzeyc/public_html/antiquitas/images/menu_431_weihaltar.jpg
sonata.media.provider.image,default,/home/sanzeyc/public_html/antiquitas/images/menu_432_oculiste2.jpg
sonata.media.provider.image,default,/home/sanzeyc/public_html/antiquitas/images/menu_433_inst_chir.jpg
sonata.media.provider.image,default,/home/sanzeyc/public_html/antiquitas/images/menu_434_ventouse.jpg
sonata.media.provider.image,default,/home/sanzeyc/public_html/antiquitas/images/menu_441_schuhe.gif
sonata.media.provider.image,default,/home/sanzeyc/public_html/antiquitas/images/menu_451_wasserleitung.jpg
sonata.media.provider.image,default,/home/sanzeyc/public_html/antiquitas/images/menu_452_grabgedicht.jpg
sonata.media.provider.image,default,/home/sanzeyc/public_html/antiquitas/images/menu_453_porte.jpg
sonata.media.provider.image,default,/home/sanzeyc/public_html/antiquitas/images/mercure.jpg
sonata.media.provider.image,default,/home/sanzeyc/public_html/antiquitas/images/michael_ruppen.jpg
sonata.media.provider.image,default,/home/sanzeyc/public_html/antiquitas/images/minotaure.jpg
sonata.media.provider.image,default,/home/sanzeyc/public_html/antiquitas/images/mod.3-fiche1.3.jpg
sonata.media.provider.image,default,/home/sanzeyc/public_html/antiquitas/images/mod.3-fiche2.2.jpg
sonata.media.provider.image,default,/home/sanzeyc/public_html/antiquitas/images/modules_vignette.gif
sonata.media.provider.image,default,/home/sanzeyc/public_html/antiquitas/images/moneta_2.gif
sonata.media.provider.image,default,/home/sanzeyc/public_html/antiquitas/images/moneta.gif
sonata.media.provider.image,default,/home/sanzeyc/public_html/antiquitas/images/monnaie_Faustine.jpg
sonata.media.provider.image,default,/home/sanzeyc/public_html/antiquitas/images/monnaie_trireme.jpg
sonata.media.provider.image,default,/home/sanzeyc/public_html/antiquitas/images/Mosaik_1.jpg
sonata.media.provider.image,default,/home/sanzeyc/public_html/antiquitas/images/Mosaik_2.jpg
sonata.media.provider.image,default,/home/sanzeyc/public_html/antiquitas/images/Mosaik_3.jpg
sonata.media.provider.image,default,/home/sanzeyc/public_html/antiquitas/images/moulage_bebe.jpg
sonata.media.provider.image,default,/home/sanzeyc/public_html/antiquitas/images/muenze_1363.jpg
sonata.media.provider.image,default,/home/sanzeyc/public_html/antiquitas/images/muenze_93.jpg
sonata.media.provider.image,default,/home/sanzeyc/public_html/antiquitas/images/Muenzkabinett.jpg
sonata.media.provider.image,default,/home/sanzeyc/public_html/antiquitas/images/muenzwint.jpg
sonata.media.provider.image,default,/home/sanzeyc/public_html/antiquitas/images/munze_134_20platzhalter.jpg
sonata.media.provider.image,default,/home/sanzeyc/public_html/antiquitas/images/munze_33620_platzhalter.jpg
sonata.media.provider.image,default,/home/sanzeyc/public_html/antiquitas/images/nain_assis.jpg
sonata.media.provider.image,default,/home/sanzeyc/public_html/antiquitas/images/naine_danseuse.jpg
sonata.media.provider.image,default,/home/sanzeyc/public_html/antiquitas/images/nautes.jpg
sonata.media.provider.image,default,/home/sanzeyc/public_html/antiquitas/images/neptune.jpg
sonata.media.provider.image,default,/home/sanzeyc/public_html/antiquitas/images/NeuerPauly.jpg
sonata.media.provider.image,default,/home/sanzeyc/public_html/antiquitas/images/niebuhr.jpg
sonata.media.provider.image,default,/home/sanzeyc/public_html/antiquitas/images/nina_mekacher.jpg
sonata.media.provider.image,default,/home/sanzeyc/public_html/antiquitas/images/nordtorzchng_hell.jpg
sonata.media.provider.image,default,/home/sanzeyc/public_html/antiquitas/images/notitia_karte.swf
sonata.media.provider.image,default,/home/sanzeyc/public_html/antiquitas/images/notitia_quelle.dcr
sonata.media.provider.image,default,/home/sanzeyc/public_html/antiquitas/images/nyon_plan.jpg
sonata.media.provider.image,default,/home/sanzeyc/public_html/antiquitas/images/oellampeglad.jpg
sonata.media.provider.image,default,/home/sanzeyc/public_html/antiquitas/images/offiziershaus.jpg
sonata.media.provider.image,default,/home/sanzeyc/public_html/antiquitas/images/offrande_avec_dedicace.jpg
sonata.media.provider.image,default,/home/sanzeyc/public_html/antiquitas/images/olivier_bianchi.jpg
sonata.media.provider.image,default,/home/sanzeyc/public_html/antiquitas/images/olivier_curty.jpg
sonata.media.provider.image,default,/home/sanzeyc/public_html/antiquitas/images/orfevre.jpg
sonata.media.provider.image,default,/home/sanzeyc/public_html/antiquitas/images/oriens.jpg
sonata.media.provider.image,default,/home/sanzeyc/public_html/antiquitas/images/Orpheus1.jpg
sonata.media.provider.image,default,/home/sanzeyc/public_html/antiquitas/images/Orpheus2.jpg
sonata.media.provider.image,default,/home/sanzeyc/public_html/antiquitas/images/Orpheus3.jpg
sonata.media.provider.image,default,/home/sanzeyc/public_html/antiquitas/images/Orpheus4.jpg
sonata.media.provider.image,default,/home/sanzeyc/public_html/antiquitas/images/orpheus.jpg
sonata.media.provider.image,default,/home/sanzeyc/public_html/antiquitas/images/outil_atlas.gif
sonata.media.provider.image,default,/home/sanzeyc/public_html/antiquitas/images/outil_bibliographie.gif
sonata.media.provider.image,default,/home/sanzeyc/public_html/antiquitas/images/outil_chronologie.gif
sonata.media.provider.image,default,/home/sanzeyc/public_html/antiquitas/images/outil_lexika.gif
sonata.media.provider.image,default,/home/sanzeyc/public_html/antiquitas/images/outil_ressources.gif
sonata.media.provider.image,default,/home/sanzeyc/public_html/antiquitas/images/outil_sources.gif
sonata.media.provider.image,default,/home/sanzeyc/public_html/antiquitas/images/papyrus_avec_ecriture_hieratique_2.jpg
sonata.media.provider.image,default,/home/sanzeyc/public_html/antiquitas/images/papyrus_avec_ecriture_hieratique.jpg
sonata.media.provider.image,default,/home/sanzeyc/public_html/antiquitas/images/papyrus_avec_hieroglyphes.jpg
sonata.media.provider.image,default,/home/sanzeyc/public_html/antiquitas/images/papyrus.jpg
sonata.media.provider.image,default,/home/sanzeyc/public_html/antiquitas/images/patras.gif
sonata.media.provider.image,default,/home/sanzeyc/public_html/antiquitas/images/pauline_mcnamara.jpg
sonata.media.provider.image,default,/home/sanzeyc/public_html/antiquitas/images/Pausanias.jpg
sonata.media.provider.image,default,/home/sanzeyc/public_html/antiquitas/images/peinture_tombe_thoutmosis_2.jpg
sonata.media.provider.image,default,/home/sanzeyc/public_html/antiquitas/images/peinture_tombe_thoutmosis.jpg
sonata.media.provider.image,default,/home/sanzeyc/public_html/antiquitas/images/peltaste.gif
sonata.media.provider.image,default,/home/sanzeyc/public_html/antiquitas/images/pilum.jpg
sonata.media.provider.image,default,/home/sanzeyc/public_html/antiquitas/images/plan_fortune.jpg
sonata.media.provider.image,default,/home/sanzeyc/public_html/antiquitas/images/planlager_11_leg.jpg
sonata.media.provider.image,default,/home/sanzeyc/public_html/antiquitas/images/Ploe.jpg
sonata.media.provider.image,default,/home/sanzeyc/public_html/antiquitas/images/porte.jpg
sonata.media.provider.image,default,/home/sanzeyc/public_html/antiquitas/images/portrait_enfant.jpg
sonata.media.provider.image,default,/home/sanzeyc/public_html/antiquitas/images/potier.jpg
sonata.media.provider.image,default,/home/sanzeyc/public_html/antiquitas/images/poupeemagie.gif
sonata.media.provider.image,default,/home/sanzeyc/public_html/antiquitas/images/Poupeesgr.jpg
sonata.media.provider.image,default,/home/sanzeyc/public_html/antiquitas/images/poupees.jpg
sonata.media.provider.image,default,/home/sanzeyc/public_html/antiquitas/images/praegung.jpg
sonata.media.provider.image,default,/home/sanzeyc/public_html/antiquitas/images/Praetetxtatus.jpg
sonata.media.provider.image,default,/home/sanzeyc/public_html/antiquitas/images/pretresse_italiote.jpg
sonata.media.provider.image,default,/home/sanzeyc/public_html/antiquitas/images/PrinzKonst.jpg
sonata.media.provider.image,default,/home/sanzeyc/public_html/antiquitas/images/Probus.jpg
sonata.media.provider.image,default,/home/sanzeyc/public_html/antiquitas/images/ps.jpg
sonata.media.provider.image,default,/home/sanzeyc/public_html/antiquitas/images/Putzger.jpg
sonata.media.provider.image,default,/home/sanzeyc/public_html/antiquitas/images/pyramide_a.jpg
sonata.media.provider.image,default,/home/sanzeyc/public_html/antiquitas/images/pyramide_b.jpg
sonata.media.provider.image,default,/home/sanzeyc/public_html/antiquitas/images/pyramides.jpg
sonata.media.provider.image,default,/home/sanzeyc/public_html/antiquitas/images/Pythie.jpg
sonata.media.provider.image,default,/home/sanzeyc/public_html/antiquitas/images/regula_freistolba.jpg
sonata.media.provider.image,default,/home/sanzeyc/public_html/antiquitas/images/reiter_sanzeno.jpg
sonata.media.provider.image,default,/home/sanzeyc/public_html/antiquitas/images/rekonstr_Kaserne15.jpg
sonata.media.provider.image,default,/home/sanzeyc/public_html/antiquitas/images/rekonstr_pirousta.gif
sonata.media.provider.image,default,/home/sanzeyc/public_html/antiquitas/images/rekonstruk_legion.jpg
sonata.media.provider.image,default,/home/sanzeyc/public_html/antiquitas/images/relief_augst2.gif
sonata.media.provider.image,default,/home/sanzeyc/public_html/antiquitas/images/relief_heros.gif
sonata.media.provider.image,default,/home/sanzeyc/public_html/antiquitas/images/relief_seeschlacht2.jpg
sonata.media.provider.image,default,/home/sanzeyc/public_html/antiquitas/images/relief_votif_thessalie.jpg
sonata.media.provider.image,default,/home/sanzeyc/public_html/antiquitas/images/rep_ex_1A.jpg
sonata.media.provider.image,default,/home/sanzeyc/public_html/antiquitas/images/rep_ex_1B.jpg
sonata.media.provider.image,default,/home/sanzeyc/public_html/antiquitas/images/rep_ex_2A.jpg
sonata.media.provider.image,default,/home/sanzeyc/public_html/antiquitas/images/rep_ex_2B.jpg
sonata.media.provider.image,default,/home/sanzeyc/public_html/antiquitas/images/rep_ex_3A.jpg
sonata.media.provider.image,default,/home/sanzeyc/public_html/antiquitas/images/rep_ex_3B.jpg
sonata.media.provider.image,default,/home/sanzeyc/public_html/antiquitas/images/rep_ex_4A.jpg
sonata.media.provider.image,default,/home/sanzeyc/public_html/antiquitas/images/rep_ex_4B.jpg
sonata.media.provider.image,default,/home/sanzeyc/public_html/antiquitas/images/rep_ex_5A.jpg
sonata.media.provider.image,default,/home/sanzeyc/public_html/antiquitas/images/rep_ex_5B.jpg
sonata.media.provider.image,default,/home/sanzeyc/public_html/antiquitas/images/rep_ex_6A.jpg
sonata.media.provider.image,default,/home/sanzeyc/public_html/antiquitas/images/rep_ex_6B.jpg
sonata.media.provider.image,default,/home/sanzeyc/public_html/antiquitas/images/romkonst.jpg
sonata.media.provider.image,default,/home/sanzeyc/public_html/antiquitas/images/romweg.jpg
sonata.media.provider.image,default,/home/sanzeyc/public_html/antiquitas/images/rupert_smith.jpg
sonata.media.provider.image,default,/home/sanzeyc/public_html/antiquitas/images/sacrifice_grec1.jpg
sonata.media.provider.image,default,/home/sanzeyc/public_html/antiquitas/images/sacrifice_grec2.jpg
sonata.media.provider.image,default,/home/sanzeyc/public_html/antiquitas/images/sacrifice_liss1.jpg
sonata.media.provider.image,default,/home/sanzeyc/public_html/antiquitas/images/sacrifice_liss2.jpg
sonata.media.provider.image,default,/home/sanzeyc/public_html/antiquitas/images/sacrifice_rome1.jpg
sonata.media.provider.image,default,/home/sanzeyc/public_html/antiquitas/images/sacrifice_rome2.jpg
sonata.media.provider.image,default,/home/sanzeyc/public_html/antiquitas/images/sandrine_ducatepaarmann.jpg
sonata.media.provider.image,default,/home/sanzeyc/public_html/antiquitas/images/sarco.jpg
sonata.media.provider.image,default,/home/sanzeyc/public_html/antiquitas/images/Sarkophag-Inschrift.jpg
sonata.media.provider.image,default,/home/sanzeyc/public_html/antiquitas/images/Sarkophag-Seite.jpg
sonata.media.provider.image,default,/home/sanzeyc/public_html/antiquitas/images/Schema.jpg
sonata.media.provider.image,default,/home/sanzeyc/public_html/antiquitas/images/schleuderblei.gif
sonata.media.provider.image,default,/home/sanzeyc/public_html/antiquitas/images/schuhe.jpg
sonata.media.provider.image,default,/home/sanzeyc/public_html/antiquitas/images/schwert.jpg
sonata.media.provider.image,default,/home/sanzeyc/public_html/antiquitas/images/schwertscheidebeschlag.jpg
sonata.media.provider.image,default,/home/sanzeyc/public_html/antiquitas/images/sestercetrajan_r.jpg
sonata.media.provider.image,default,/home/sanzeyc/public_html/antiquitas/images/sestercetrajans_a.jpg
sonata.media.provider.image,default,/home/sanzeyc/public_html/antiquitas/images/severilla.jpg
sonata.media.provider.image,default,/home/sanzeyc/public_html/antiquitas/images/sigma_trois_barres.jpg
sonata.media.provider.image,default,/home/sanzeyc/public_html/antiquitas/images/simon_margulies.jpg
sonata.media.provider.image,default,/home/sanzeyc/public_html/antiquitas/images/sipahiler.gif
sonata.media.provider.image,default,/home/sanzeyc/public_html/antiquitas/images/site_background_fondmos.gif
sonata.media.provider.image,default,/home/sanzeyc/public_html/antiquitas/images/Skizze_Basilika.png
sonata.media.provider.image,default,/home/sanzeyc/public_html/antiquitas/images/statue_de_fonctionnaire.jpg
sonata.media.provider.image,default,/home/sanzeyc/public_html/antiquitas/images/statue_de_scribe.jpg
sonata.media.provider.image,default,/home/sanzeyc/public_html/antiquitas/images/statue_de_serviteur.jpg
sonata.media.provider.image,default,/home/sanzeyc/public_html/antiquitas/images/statue_stelophore.jpg
sonata.media.provider.image,default,/home/sanzeyc/public_html/antiquitas/images/stele_enfant.jpg
sonata.media.provider.image,default,/home/sanzeyc/public_html/antiquitas/images/stele_funeraire_piree.jpg
sonata.media.provider.image,default,/home/sanzeyc/public_html/antiquitas/images/stele.jpg
sonata.media.provider.image,default,/home/sanzeyc/public_html/antiquitas/images/stele_mousa.jpg
sonata.media.provider.image,default,/home/sanzeyc/public_html/antiquitas/images/stele_pervinca1.jpg
sonata.media.provider.image,default,/home/sanzeyc/public_html/antiquitas/images/stele_pervinca3.jpg
sonata.media.provider.image,default,/home/sanzeyc/public_html/antiquitas/images/stele_pervinca_transc.jpg
sonata.media.provider.image,default,/home/sanzeyc/public_html/antiquitas/images/stele_reve_thoutmosis_iv.jpg
sonata.media.provider.image,default,/home/sanzeyc/public_html/antiquitas/images/stempelkopplung.gif
sonata.media.provider.image,default,/home/sanzeyc/public_html/antiquitas/images/stephan_naf.jpg
sonata.media.provider.image,default,/home/sanzeyc/public_html/antiquitas/images/strukturlegion2.jpg
sonata.media.provider.image,default,/home/sanzeyc/public_html/antiquitas/images/suleviae.jpg
sonata.media.provider.image,default,/home/sanzeyc/public_html/antiquitas/images/suzanne_bickel.jpg
sonata.media.provider.image,default,/home/sanzeyc/public_html/antiquitas/images/tabelle_1_5_a6.jpg
sonata.media.provider.image,default,/home/sanzeyc/public_html/antiquitas/images/tabelle_1_5_b6.jpg
sonata.media.provider.image,default,/home/sanzeyc/public_html/antiquitas/images/tabellen.jpg
sonata.media.provider.image,default,/home/sanzeyc/public_html/antiquitas/images/tableau.gif
sonata.media.provider.image,default,/home/sanzeyc/public_html/antiquitas/images/tacitus.jpg
sonata.media.provider.image,default,/home/sanzeyc/public_html/antiquitas/images/tafel_VI.jpg
sonata.media.provider.image,default,/home/sanzeyc/public_html/antiquitas/images/tailleur_pierre.jpg
sonata.media.provider.image,default,/home/sanzeyc/public_html/antiquitas/images/Talbert.jpg
sonata.media.provider.image,default,/home/sanzeyc/public_html/antiquitas/images/taurobole.jpg
sonata.media.provider.image,default,/home/sanzeyc/public_html/antiquitas/images/temple_fortune.jpg
sonata.media.provider.image,default,/home/sanzeyc/public_html/antiquitas/images/texte_hieroglyphique.jpg
sonata.media.provider.image,default,/home/sanzeyc/public_html/antiquitas/images/thermen.jpg
sonata.media.provider.image,default,/home/sanzeyc/public_html/antiquitas/images/tim_kammasch.jpg
sonata.media.provider.image,default,/home/sanzeyc/public_html/antiquitas/images/tombe_enfant.jpg
sonata.media.provider.image,default,/home/sanzeyc/public_html/antiquitas/images/tombe.jpg
sonata.media.provider.image,default,/home/sanzeyc/public_html/antiquitas/images/transcription_restitution.jpg
sonata.media.provider.image,default,/home/sanzeyc/public_html/antiquitas/images/tribus.jpg
sonata.media.provider.image,default,/home/sanzeyc/public_html/antiquitas/images/trophee_turbie.jpg
sonata.media.provider.image,default,/home/sanzeyc/public_html/antiquitas/images/truppen_aktium.jpg
sonata.media.provider.image,default,/home/sanzeyc/public_html/antiquitas/images/trytties.jpg
sonata.media.provider.image,default,/home/sanzeyc/public_html/antiquitas/images/typischesromischeshaus2.jpg
sonata.media.provider.image,default,/home/sanzeyc/public_html/antiquitas/images/universite_fribourg_logo.gif
sonata.media.provider.image,default,/home/sanzeyc/public_html/antiquitas/images/uni_zurich_logo.jpg
sonata.media.provider.image,default,/home/sanzeyc/public_html/antiquitas/images/valerius_germanus.jpg
sonata.media.provider.image,default,/home/sanzeyc/public_html/antiquitas/images/ventouse.jpg
sonata.media.provider.image,default,/home/sanzeyc/public_html/antiquitas/images/venus.jpg
sonata.media.provider.image,default,/home/sanzeyc/public_html/antiquitas/images/veronique_dasen.jpg
sonata.media.provider.image,default,/home/sanzeyc/public_html/antiquitas/images/versuch.jpg
sonata.media.provider.image,default,/home/sanzeyc/public_html/antiquitas/images/verteilung.jpg
sonata.media.provider.image,default,/home/sanzeyc/public_html/antiquitas/images/vespasian.jpg
sonata.media.provider.image,default,/home/sanzeyc/public_html/antiquitas/images/vexilationen2.jpg
sonata.media.provider.image,default,/home/sanzeyc/public_html/antiquitas/images/vignette_chapitre_125_livre_morts.jpg
sonata.media.provider.image,default,/home/sanzeyc/public_html/antiquitas/images/vinciane_pirennedelforge.jpg
sonata.media.provider.image,default,/home/sanzeyc/public_html/antiquitas/images/visellia_firma.jpg
sonata.media.provider.image,default,/home/sanzeyc/public_html/antiquitas/images/vjesnik.jpg
sonata.media.provider.image,default,/home/sanzeyc/public_html/antiquitas/images/Voelkerwand.jpg
sonata.media.provider.image,default,/home/sanzeyc/public_html/antiquitas/images/vue_avenches.jpg
sonata.media.provider.image,default,/home/sanzeyc/public_html/antiquitas/images/Walser.jpg
sonata.media.provider.image,default,/home/sanzeyc/public_html/antiquitas/images/wasserleitung.jpg
sonata.media.provider.image,default,/home/sanzeyc/public_html/antiquitas/images/weihaltar1.jpg
sonata.media.provider.image,default,/home/sanzeyc/public_html/antiquitas/images/weihaltar2.jpg
sonata.media.provider.image,default,/home/sanzeyc/public_html/antiquitas/images/weihaltar3.jpg
sonata.media.provider.image,default,/home/sanzeyc/public_html/antiquitas/images/WienParl.gif
sonata.media.provider.image,default,/home/sanzeyc/public_html/antiquitas/images/WienParlmini.gif
sonata.media.provider.image,default,/home/sanzeyc/public_html/antiquitas/images/Willamo.jpg
sonata.media.provider.image,default,/home/sanzeyc/public_html/antiquitas/images/xs.jpg
sonata.media.provider.image,default,/home/sanzeyc/public_html/antiquitas/images/ZeitschriftKlio.jpg
sonata.media.provider.image,default,/home/sanzeyc/public_html/antiquitas/images/ziegellegion2.jpg
sonata.media.provider.image,default,/home/sanzeyc/public_html/antiquitas/images/ziegelstempe2.jpg
